seq	test	panic_at	location	message_first_300	thread	panics	source_file
1	governance::reflect_queue_tests::q7_process_exit_of_a_role_seat_parks_instead_of_dropping	panicked at src\bin\cysd\governance.rs:26421:9	src/bin/cysd/governance.rs:26421	전제: 좌석이 15초 안에 종료하지 않았다 / FAILED	governance::reflect_queue_tests::q7_process_exit_of_a_role_seat_parks_instead_of_dropping	1	cysdwin-failures/001-governance__reflect_queue_tests__q7_process_exit_of_a_role_seat_parks_instead_of_dropping.txt
2	governance::tests::b1_gate_input_pending_blocks_delivery_with_reason	panicked at src\bin\cysd\governance.rs:17409:9	src/bin/cysd/governance.rs:17409	사유가 입력줄 점유로 기록돼야 손잡이가 맞는다: {"category":"queue","name":"queue.depth_high","payload":{"blocked_by":"busy(출력 중)","depth":1,"hint":"queued 배달이 막힌 채 적체 중 — read-screen으로 상태 점검, 급한 보고는 직접 send(steer). 임계 조정은 CYS_QUEUE_QUIET_SECS","role":null,"surface_ref":"surface:1","threshold":1},"seq":2,"surface_id":1,	governance::tests::b1_gate_input_pending_blocks_delivery_with_reason	1	cysdwin-failures/002-governance__tests__b1_gate_input_pending_blocks_delivery_with_reason.txt
3	governance::tests::b1_obs_blocked_reason_is_recorded_until_delivery	panicked at src\bin\cysd\governance.rs:21516:9	src/bin/cysd/governance.rs:21516	보류 사유가 기록되지 않으면 queue.list 가 이유를 말할 수 없다: Some(("busy(출력 중)", 1791116159.7075007)) / FAILED	governance::tests::b1_obs_blocked_reason_is_recorded_until_delivery	1	cysdwin-failures/003-governance__tests__b1_obs_blocked_reason_is_recorded_until_delivery.txt
4	governance::tests::wp5_r2_expired_notice_is_not_lost_when_the_flag_persisted_without_the_notice	panicked at src\bin\cysd\governance.rs:20139:13	src/bin/cysd/governance.rs:20139	assertion `left == right` failed: 파일 전제 확인: queue-expired.json / left: [Object {"enqueued_at": Number(1791116289.2647004), "expired_at": Number(1791116349.264701), "expired_event_sent": Bool(true), "expired_notified": Bool(true), "from": String("surface:2"), "id": String("q6ac2443c.1"), "mid": Strin	governance::tests::wp5_r2_expired_notice_is_not_lost_when_the_flag_persisted_without_the_notice	1	cysdwin-failures/004-governance__tests__wp5_r2_expired_notice_is_not_lost_when_the_flag_persisted_without_the_notice.txt
5	governance::todo_decl_tests::unchanged_mtime_skips_reparse_even_for_excluded_files	panicked at src\bin\cysd\governance.rs:25572:9	src/bin/cysd/governance.rs:25572	assertion `left == right` failed / left: Some("retired") / right: Some("counted") / FAILED	governance::todo_decl_tests::unchanged_mtime_skips_reparse_even_for_excluded_files	1	cysdwin-failures/005-governance__todo_decl_tests__unchanged_mtime_skips_reparse_even_for_excluded_files.txt
6	handlers::tests::c5_ghost_suffix_keeps_cli_fallback_and_settle_parsers_working	panicked at src\bin\cysd\handlers.rs:17289:9	src/bin/cysd/handlers.rs:17289	assertion `left == right` failed: 전제: 실제 거부 문구 = 종전 문구 + 맨 끝 처방 / left: "human is typing in this pane; retry later or use --queued [draft_gate:pending_input]" / right: "human is typing in this pane; retry later or use --queued [draft_gate:pending_input] — 입력줄이 비어 보이면 유령 계수다: 그 창에서 사람이 Ctrl-U 한 번" / 	handlers::tests::c5_ghost_suffix_keeps_cli_fallback_and_settle_parsers_working	1	cysdwin-failures/006-handlers__tests__c5_ghost_suffix_keeps_cli_fallback_and_settle_parsers_working.txt
7	handlers::tests::pause_freezes_before_actor_resolution_and_backfills_actor	panicked at src\bin\cysd\handlers.rs:24151:38	src/bin/cysd/handlers.rs:24151	called `Result::unwrap()` on an `Err` value: Os { code: 32, kind: Uncategorized, message: "The process cannot access the file because it is being used by another process." } / FAILED	handlers::tests::pause_freezes_before_actor_resolution_and_backfills_actor	1	cysdwin-failures/007-handlers__tests__pause_freezes_before_actor_resolution_and_backfills_actor.txt
8	handlers::tests::pause_with_blank_reason_is_also_absence	panicked at src\bin\cysd\handlers.rs:24035:38	src/bin/cysd/handlers.rs:24035	called `Result::unwrap()` on an `Err` value: Os { code: 32, kind: Uncategorized, message: "The process cannot access the file because it is being used by another process." } / FAILED	handlers::tests::pause_with_blank_reason_is_also_absence	1	cysdwin-failures/008-handlers__tests__pause_with_blank_reason_is_also_absence.txt
9	handlers::tests::pause_without_reason_records_absence_not_an_empty_string	panicked at src\bin\cysd\handlers.rs:23983:38	src/bin/cysd/handlers.rs:23983	called `Result::unwrap()` on an `Err` value: Os { code: 32, kind: Uncategorized, message: "The process cannot access the file because it is being used by another process." } / FAILED	handlers::tests::pause_without_reason_records_absence_not_an_empty_string	1	cysdwin-failures/009-handlers__tests__pause_without_reason_records_absence_not_an_empty_string.txt
10	handlers::tests::read_text_reports_quiet_secs_on_both_branches	panicked at src\bin\cysd\handlers.rs:12012:17	src/bin/cysd/handlers.rs:12012	quiet_secs 가 되감은 last_output 을 반영하지 않는다({"since_line":0,"surface_id":1}): 0 / FAILED	handlers::tests::read_text_reports_quiet_secs_on_both_branches	1	cysdwin-failures/010-handlers__tests__read_text_reports_quiet_secs_on_both_branches.txt
11	handlers::tests::reap_denies_queue_nonempty_then_queue_clear_exited_reclaim	panicked at src\bin\cysd\handlers.rs:23539:13	src/bin/cysd/handlers.rs:23539	surface.exited(sid=2) 10초 내 미도착 — reader EOF 경로 미완주 / FAILED	handlers::tests::reap_denies_queue_nonempty_then_queue_clear_exited_reclaim	1	cysdwin-failures/011-handlers__tests__reap_denies_queue_nonempty_then_queue_clear_exited_reclaim.txt
12	schedule::c8_push_counts_submit_tests::c8_handoff_failure_leaves_the_count_untouched	panicked at src\bin\cysd\schedule.rs:5815:13	src/bin/cysd/schedule.rs:5815	전제 실패: reader 가 자식 종료(EOF)를 보지 못했다 / FAILED	schedule::c8_push_counts_submit_tests::c8_handoff_failure_leaves_the_count_untouched	1	cysdwin-failures/012-schedule__c8_push_counts_submit_tests__c8_handoff_failure_leaves_the_count_untouched.txt
13	state::tests::inject_track_handoff_pending_until_an_arm_ends	panicked at src\bin\cysd\state.rs:8761:9	src/bin/cysd/state.rs:8761	뒤 인계의 표식을 앞 인계의 되돌림이 지웠다 / FAILED	state::tests::inject_track_handoff_pending_until_an_arm_ends	1	cysdwin-failures/013-state__tests__inject_track_handoff_pending_until_an_arm_ends.txt
14	state::tests::queue_seq_seeds_from_wal_max_and_persist_load_roundtrip	panicked at src\bin\cysd\state.rs:10394:9	src/bin/cysd/state.rs:10394	assertion `left == right` failed: f64 왕복 보존 / left: Some(1791116826.741614) / right: Some(1791116826.7416139) / FAILED	state::tests::queue_seq_seeds_from_wal_max_and_persist_load_roundtrip	1	cysdwin-failures/014-state__tests__queue_seq_seeds_from_wal_max_and_persist_load_roundtrip.txt
15	state::tests::wp5_stale_pending_input_human_is_clamped_after_count_only_reset	panicked at src\bin\cysd\state.rs:9902:57	src/bin/cysd/state.rs:9902	테스트 상태 디렉터리 정리: Os { code: 32, kind: Uncategorized, message: "The process cannot access the file because it is being used by another process." } / FAILED	state::tests::wp5_stale_pending_input_human_is_clamped_after_count_only_reset	1	cysdwin-failures/015-state__tests__wp5_stale_pending_input_human_is_clamped_after_count_only_reset.txt
